"Id","UserId","OrganizationId","JoinDate"
"6","2505","4","09/23/2016"
"7","195039","4","09/23/2016"
"9","3258","4","09/23/2016"
"11","263098","4","09/23/2016"
"14","304806","4","09/23/2016"
"17","495305","4","09/23/2016"
"19","603584","4","09/23/2016"
"22","1","6","09/27/2016"
"24","1","7","09/27/2016"
"27","1","9","09/28/2016"
"28","35250","9","09/28/2016"
"30","56281","10","09/28/2016"
"32","1","11","10/03/2016"
"33","724814","5","10/04/2016"
"34","1","12","10/05/2016"
"35","1","13","10/06/2016"
"36","1","14","10/06/2016"
"38","1","16","10/10/2016"
"40","1","17","10/13/2016"
"42","1","18","10/13/2016"
"43","1","19","10/17/2016"
"45","99783","3","10/17/2016"
"46","346825","3","10/17/2016"
"54","1","22","10/19/2016"
"78","1","21","10/19/2016"
"84","755155","41","10/20/2016"
"125","14756","57","10/20/2016"
"149","56073","66","10/20/2016"
"208","760786","95","10/21/2016"
"214","418394","101","10/22/2016"
"234","67483","106","10/23/2016"
"239","456518","110","10/24/2016"
"240","605054","110","10/24/2016"
"250","331256","114","10/24/2016"
"253","29871","101","10/24/2016"
"259","757840","120","10/24/2016"
"297","210116","137","10/27/2016"
"298","85195","137","10/27/2016"
"300","471079","137","10/27/2016"
"301","236445","137","10/27/2016"
"302","708543","137","10/27/2016"
"303","691138","137","10/27/2016"
"304","66004","137","10/27/2016"
"305","206023","137","10/27/2016"
"306","415376","137","10/27/2016"
"307","732369","137","10/27/2016"
"308","563065","137","10/27/2016"
"310","415705","137","10/27/2016"
"313","1","141","10/27/2016"
"315","1","143","10/27/2016"
"321","1","147","10/28/2016"
"322","1","148","10/28/2016"
"323","1","149","10/28/2016"
"324","1","150","10/28/2016"
"339","1","158","10/31/2016"
"365","709586","137","11/02/2016"
"389","723960","137","11/04/2016"
"392","1","182","11/05/2016"
"402","1","185","11/06/2016"
"419","98973","195","11/09/2016"
"425","694306","114","11/11/2016"
"434","700836","205","11/14/2016"
"440","689411","114","11/14/2016"
"441","793165","114","11/14/2016"
"454","178809","57","11/15/2016"
"455","617554","57","11/15/2016"
"457","245190","57","11/15/2016"
"463","795167","216","11/16/2016"
"478","798407","221","11/17/2016"
"511","1","233","11/21/2016"
"514","1","234","11/21/2016"
"518","158062","236","11/22/2016"
"531","51450","260","11/25/2016"
"532","489868","260","11/25/2016"
"533","50928","260","11/25/2016"
"542","776318","264","11/26/2016"
"568","1","274","11/30/2016"
"588","796150","281","12/05/2016"
"591","281874","236","12/06/2016"
"593","825991","236","12/06/2016"
"594","824607","284","12/06/2016"
"596","805107","286","12/07/2016"
"598","826925","236","12/07/2016"
"607","827473","284","12/07/2016"
"612","827271","308","12/08/2016"
"638","1","322","12/14/2016"
"675","749708","137","12/21/2016"
"676","416489","137","12/21/2016"
"689","276788","347","12/26/2016"
"694","395108","41","12/28/2016"
"695","625209","41","12/28/2016"
"696","389922","41","12/28/2016"
"697","804188","41","12/28/2016"
"717","313890","358","01/07/2017"
"723","863388","362","01/12/2017"
"724","808837","363","01/12/2017"
"743","872162","358","01/17/2017"
"745","206763","375","01/18/2017"
"866","390232","66","02/09/2017"
"938","1","484","02/27/2017"
"951","910483","490","03/01/2017"
"952","1","491","03/02/2017"
"954","797864","9","03/02/2017"
"971","940852","500","03/04/2017"
"994","1","505","03/07/2017"
"996","669267","507","03/07/2017"
"1028","807734","195","03/11/2017"
"1029","944741","195","03/11/2017"
"1106","1","556","03/21/2017"
"1108","474904","558","03/22/2017"
"1116","891844","558","03/23/2017"
"1170","456070","591","04/03/2017"
"1176","957018","595","04/03/2017"
"1180","1","598","04/03/2017"
"1190","495305","607","04/05/2017"
"1194","415537","595","04/06/2017"
"1196","1008906","595","04/06/2017"
"1206","304806","613","04/07/2017"
"1271","501249","642","04/18/2017"
"1272","286455","642","04/18/2017"
"1273","107207","642","04/18/2017"
"1274","283587","642","04/18/2017"
"1275","184979","642","04/18/2017"
"1276","505169","642","04/18/2017"
"1277","207776","642","04/18/2017"
"1278","296134","642","04/18/2017"
"1279","10051","642","04/18/2017"
"1280","463751","642","04/18/2017"
"1281","412953","642","04/18/2017"
"1282","82989","642","04/18/2017"
"1284","366730","642","04/18/2017"
"1286","299500","642","04/18/2017"
"1287","251891","642","04/18/2017"
"1288","230084","642","04/18/2017"
"1289","87838","642","04/18/2017"
"1290","19390","642","04/18/2017"
"1291","88428","642","04/18/2017"
"1292","96423","642","04/18/2017"
"1293","557879","642","04/18/2017"
"1294","430268","642","04/18/2017"
"1295","64274","642","04/18/2017"
"1296","494318","642","04/19/2017"
"1297","226693","642","04/19/2017"
"1298","365993","642","04/19/2017"
"1299","479430","642","04/19/2017"
"1300","249079","642","04/19/2017"
"1301","630326","642","04/19/2017"
"1302","149863","642","04/19/2017"
"1303","407384","642","04/19/2017"
"1305","298048","642","04/19/2017"
"1306","372119","642","04/19/2017"
"1307","235355","642","04/19/2017"
"1309","349231","642","04/19/2017"
"1310","321670","642","04/19/2017"
"1311","847127","642","04/19/2017"
"1312","255988","642","04/19/2017"
"1313","340481","642","04/19/2017"
"1314","316057","642","04/19/2017"
"1315","369673","642","04/19/2017"
"1316","149229","642","04/19/2017"
"1317","178864","642","04/19/2017"
"1318","656195","642","04/19/2017"
"1319","358681","642","04/19/2017"
"1320","172966","642","04/19/2017"
"1321","356502","642","04/19/2017"
"1323","161293","642","04/19/2017"
"1324","532347","642","04/19/2017"
"1325","234212","642","04/19/2017"
"1326","397607","642","04/19/2017"
"1327","288796","642","04/19/2017"
"1328","62190","642","04/19/2017"
"1329","16082","642","04/19/2017"
"1330","449319","642","04/19/2017"
"1334","365538","642","04/19/2017"
"1335","66524","642","04/19/2017"
"1337","478535","642","04/19/2017"
"1338","253532","642","04/19/2017"
"1339","505829","642","04/19/2017"
"1340","12433","642","04/19/2017"
"1342","588228","642","04/19/2017"
"1343","89255","642","04/20/2017"
"1344","234015","642","04/20/2017"
"1347","499551","642","04/21/2017"
"1357","1015834","595","04/26/2017"
"1378","455584","642","04/30/2017"
"1384","495305","667","05/01/2017"
"1409","1","681","05/05/2017"
"1417","671324","363","05/08/2017"
"1418","1042693","688","05/08/2017"
"1419","1020506","688","05/08/2017"
"1430","938845","688","05/10/2017"
"1471","1083123","688","05/19/2017"
"1493","995397","4","05/25/2017"
"1497","157811","41","05/26/2017"
"1500","155673","740","05/26/2017"
"1501","1056333","741","05/26/2017"
"1523","1056333","4","06/02/2017"
"1524","1095143","4","06/02/2017"
"1525","358276","642","06/02/2017"
"1539","350033","57","06/07/2017"
"1557","1","767","06/09/2017"
"1559","1","768","06/09/2017"
"1578","422407","642","06/13/2017"
"1580","579119","642","06/13/2017"
"1581","221772","642","06/13/2017"
"1582","329917","642","06/13/2017"
"1583","292794","642","06/13/2017"
"1584","459137","642","06/13/2017"
"1585","943052","642","06/13/2017"
"1586","408224","642","06/13/2017"
"1587","318757","642","06/13/2017"
"1588","567500","642","06/13/2017"
"1589","155232","642","06/13/2017"
"1590","488567","642","06/13/2017"
"1591","550864","642","06/13/2017"
"1592","57952","642","06/13/2017"
"1593","743064","642","06/13/2017"
"1594","92650","642","06/13/2017"
"1599","530316","642","06/13/2017"
"1600","194753","642","06/13/2017"
"1601","972828","642","06/13/2017"
"1602","865821","642","06/14/2017"
"1603","744554","642","06/14/2017"
"1604","206604","642","06/14/2017"
"1605","246439","642","06/14/2017"
"1606","425159","642","06/14/2017"
"1607","520839","642","06/14/2017"
"1608","494940","642","06/14/2017"
"1609","394451","642","06/14/2017"
"1612","331836","642","06/14/2017"
"1613","500427","642","06/14/2017"
"1614","304662","642","06/14/2017"
"1623","869279","642","06/15/2017"
"1650","495305","797","06/21/2017"
"1661","1132983","806","06/23/2017"
"1663","1132983","807","06/23/2017"
"1673","1132983","814","06/26/2017"
"1676","1132983","815","06/27/2017"
"1681","1132983","8","06/28/2017"
"1686","1132983","19","06/29/2017"
"1704","1125827","827","07/03/2017"
"1712","1","833","07/05/2017"
"1720","689824","642","07/06/2017"
"1743","1164459","221","07/11/2017"
"1756","366532","854","07/13/2017"
"1757","3258","855","07/13/2017"
"1760","695979","642","07/14/2017"
"1775","164412","642","07/17/2017"
"1777","1132983","392","07/17/2017"
"1778","1132983","209","07/17/2017"
"1839","1197601","893","08/02/2017"
"1843","1132983","895","08/02/2017"
"1846","1132983","223","08/02/2017"
"1865","1","901","08/04/2017"
"1870","1196401","904","08/07/2017"
"1879","495305","909","08/07/2017"
"1885","847012","912","08/09/2017"
"1886","898115","912","08/09/2017"
"1887","1132983","424","08/09/2017"
"1889","1085226","913","08/09/2017"
"1890","1132983","374","08/10/2017"
"1892","696813","912","08/10/2017"
"1893","358128","912","08/10/2017"
"1901","1132983","917","08/10/2017"
"1903","1132983","919","08/10/2017"
"1916","52192","926","08/14/2017"
"1917","166871","926","08/14/2017"
"1922","484673","642","08/14/2017"
"1924","1132983","227","08/14/2017"
"1926","1132983","930","08/14/2017"
"1933","1132983","933","08/15/2017"
"1951","1132983","147","08/22/2017"
"1959","1132983","150","08/23/2017"
"1968","1056333","953","08/29/2017"
"1976","1132983","957","08/29/2017"
"1981","1","960","08/31/2017"
"1983","495305","962","09/01/2017"
"1987","941167","966","09/02/2017"
"2001","1132983","540","09/05/2017"
"2003","1132983","148","09/05/2017"
"2007","1132983","265","09/06/2017"
"2009","1","975","09/07/2017"
"2020","1132983","980","09/11/2017"
"2026","1216544","988","09/12/2017"
"2032","1132983","992","09/13/2017"
"2033","1132983","993","09/13/2017"
"2039","112002","57","09/15/2017"
"2041","1132983","999","09/15/2017"
"2042","1132983","1000","09/15/2017"
"2043","1132983","1001","09/15/2017"
"2046","1241497","1003","09/18/2017"
"2047","1135144","1004","09/18/2017"
"2117","1282758","1021","09/22/2017"
"2118","1254831","1021","09/22/2017"
"2120","1","1022","09/22/2017"
"2121","67483","1023","09/23/2017"
"2122","1286049","1023","09/23/2017"
"2123","828729","1023","09/23/2017"
"2124","122177","1023","09/23/2017"
"2126","150338","1025","09/23/2017"
"2167","1132983","1030","09/25/2017"
"2182","534152","642","09/27/2017"
"2211","1","1039","10/03/2017"
"2216","262604","57","10/04/2017"
"2220","1","1042","10/04/2017"
"2234","1316109","1048","10/06/2017"
"2235","194119","57","10/06/2017"
"2236","1087051","57","10/06/2017"
"2243","994956","642","10/06/2017"
"2245","126751","642","10/06/2017"
"2246","206144","642","10/06/2017"
"2247","1008115","642","10/06/2017"
"2251","36583","642","10/06/2017"
"2253","210618","642","10/07/2017"
"2261","960971","642","10/07/2017"
"2271","772308","57","10/10/2017"
"2272","59561","4","10/10/2017"
"2273","916143","57","10/10/2017"
"2280","459082","1056","10/12/2017"
"2282","187516","1056","10/12/2017"
"2283","530635","1056","10/12/2017"
"2284","537059","1056","10/12/2017"
"2285","1056596","1056","10/12/2017"
"2290","1329946","57","10/12/2017"
"2291","251597","57","10/12/2017"
"2298","688913","57","10/13/2017"
"2299","504053","57","10/13/2017"
"2300","1331991","57","10/13/2017"
"2302","649911","642","10/13/2017"
"2312","1343058","912","10/18/2017"
"2330","1320761","1075","10/23/2017"
"2331","1354274","1075","10/23/2017"
"2332","1353942","1075","10/23/2017"
"2334","1056333","1076","10/24/2017"
"2335","1357115","1075","10/24/2017"
"2338","1355611","1075","10/24/2017"
"2397","1298834","1096","10/31/2017"
"2398","1378320","1097","10/31/2017"
"2406","1056333","1099","11/01/2017"
"2416","1121156","1102","11/01/2017"
"2417","1246456","1102","11/01/2017"
"2418","1382657","1102","11/01/2017"
"2419","1120830","1102","11/02/2017"
"2420","1382724","1102","11/02/2017"
"2440","1387277","1118","11/03/2017"
"2441","1275601","1118","11/03/2017"
"2442","151877","1118","11/03/2017"
"2459","140316","1143","11/08/2017"
"2460","301647","1143","11/08/2017"
"2461","265968","1144","11/09/2017"
"2462","2987","1144","11/09/2017"
"2463","873819","1144","11/09/2017"
"2475","237956","642","11/13/2017"
"2476","1414774","1102","11/14/2017"
"2477","1414748","1102","11/14/2017"
"2478","1414773","1102","11/14/2017"
"2479","1415268","1102","11/14/2017"
"2480","1414989","1102","11/14/2017"
"2482","1415184","1102","11/14/2017"
"2483","1415190","1102","11/14/2017"
"2484","1415187","1102","11/14/2017"
"2485","1415193","1102","11/14/2017"
"2486","1415212","1102","11/14/2017"
"2487","1414807","1102","11/14/2017"
"2496","1132983","466","11/14/2017"
"2499","1355888","1154","11/15/2017"
"2500","1360275","1154","11/15/2017"
"2501","304806","1155","11/15/2017"
"2508","1269998","1158","11/15/2017"
"2511","1193910","1160","11/15/2017"
"2512","14069","1160","11/15/2017"
"2513","4324","1160","11/15/2017"
"2514","4788","1160","11/15/2017"
"2515","1418456","1102","11/16/2017"
"2532","695994","642","11/17/2017"
"2543","166871","1166","11/21/2017"
"2545","1435721","1167","11/21/2017"
"2547","495305","1169","11/22/2017"
"2552","1343648","1166","11/23/2017"
"2566","1178699","4","11/23/2017"
"2569","1132983","4","11/23/2017"
"2580","280325","1181","11/27/2017"
"2581","1154163","1181","11/27/2017"
"2601","1132983","1192","11/30/2017"
"2605","9642","1075","12/02/2017"
"2608","1132983","1197","12/04/2017"
"2611","585429","1025","12/05/2017"
"2613","1473307","1025","12/05/2017"
"2614","1229484","1200","12/05/2017"
"2619","1132983","1204","12/06/2017"
"2620","474519","1205","12/07/2017"
"2621","350242","1200","12/07/2017"
"2638","660909","1200","12/12/2017"
"2639","413120","1200","12/13/2017"
"2649","1095143","1220","12/15/2017"
"2659","1506971","1225","12/20/2017"
"2663","1314380","1228","12/24/2017"
"2686","1160121","1240","01/04/2018"
"2687","529576","1240","01/04/2018"
"2711","1542483","1250","01/11/2018"
"2714","1542483","1253","01/11/2018"
"2717","702781","1200","01/12/2018"
"2734","1548646","1256","01/13/2018"
"2737","1548646","1258","01/13/2018"
"2747","1293614","1258","01/13/2018"
"2754","1551512","1200","01/15/2018"
"2763","1086491","1271","01/16/2018"
"2769","254083","1275","01/18/2018"
"2770","144035","642","01/18/2018"
"2771","1179769","642","01/18/2018"
"2772","181794","642","01/18/2018"
"2774","930179","642","01/18/2018"
"2775","66669","642","01/18/2018"
"2776","537017","642","01/18/2018"
"2778","291479","642","01/18/2018"
"2779","641277","642","01/18/2018"
"2780","355969","642","01/18/2018"
"2781","550553","642","01/19/2018"
"2783","541801","642","01/19/2018"
"2784","215249","642","01/19/2018"
"2788","420178","642","01/19/2018"
"2792","1337678","1275","01/20/2018"
"2793","753323","642","01/20/2018"
"2794","809513","642","01/20/2018"
"2795","513081","642","01/20/2018"
"2799","1405548","1275","01/22/2018"
"2801","1571708","1285","01/22/2018"
"2812","1488634","1290","01/23/2018"
"2821","1582661","1295","01/25/2018"
"2822","1240410","1296","01/26/2018"
"2823","101712","1297","01/26/2018"
"2824","1584034","829","01/26/2018"
"2829","1248466","642","01/26/2018"
"2830","667740","642","01/26/2018"
"2839","1589276","1303","01/28/2018"
"2842","495305","1304","01/30/2018"
"2843","1277206","642","01/30/2018"
"2851","1488634","4","02/02/2018"
"2858","651695","1315","02/04/2018"
"2861","1451373","1316","02/05/2018"
"2863","495305","1318","02/06/2018"
"2869","1620385","1167","02/08/2018"
"2873","315018","1160","02/08/2018"
"2878","548655","642","02/09/2018"
"2879","853836","642","02/09/2018"
"2884","526714","642","02/09/2018"
"2885","312568","1330","02/09/2018"
"2886","628923","1330","02/09/2018"
"2887","353421","1330","02/10/2018"
"2897","177302","1330","02/10/2018"
"2898","67901","1330","02/10/2018"
"2930","1635810","1358","02/13/2018"
"2931","1631599","1102","02/14/2018"
"2932","1321164","1359","02/14/2018"
"2933","1275601","1359","02/14/2018"
"2934","770427","1360","02/15/2018"
"2935","1273033","1360","02/15/2018"
"2936","1323919","1360","02/15/2018"
"2937","854244","1360","02/15/2018"
"2938","1313451","1360","02/15/2018"
"2939","842069","1360","02/15/2018"
"2940","1147667","1360","02/15/2018"
"2967","1655075","1376","02/21/2018"
"2970","1631822","1330","02/21/2018"
"2973","368997","1380","02/22/2018"
"2975","1639746","1382","02/23/2018"
"2976","166611","1382","02/23/2018"
"2991","949803","1391","02/24/2018"
"2993","1591620","1393","02/25/2018"
"3012","1671039","1330","02/26/2018"
"3013","160491","1403","02/27/2018"
"3014","1671084","1403","02/27/2018"
"3015","1671099","1403","02/27/2018"
"3016","1671023","1403","02/27/2018"
"3017","1671088","1403","02/27/2018"
"3018","1668800","1403","02/27/2018"
"3019","1671089","1403","02/27/2018"
"3020","1670929","1403","02/27/2018"
"3021","1671095","1403","02/27/2018"
"3022","1668340","1403","02/27/2018"
"3023","1364308","1403","02/27/2018"
"3024","1671100","1403","02/27/2018"
"3025","1668857","1403","02/27/2018"
"3026","1668818","1403","02/27/2018"
"3027","1671094","1403","02/27/2018"
"3028","1668829","1403","02/27/2018"
"3029","1671085","1403","02/27/2018"
"3030","1671091","1403","02/27/2018"
"3031","1671097","1403","02/27/2018"
"3032","1671109","1403","02/27/2018"
"3033","1671098","1403","02/27/2018"
"3034","1671096","1403","02/27/2018"
"3050","1437939","1167","02/28/2018"
"3061","1665283","1403","03/01/2018"
"3062","1630151","1412","03/01/2018"
"3066","473700","1416","03/03/2018"
"3070","1209716","1419","03/06/2018"
"3087","1121814","1380","03/10/2018"
"3088","357247","1380","03/10/2018"
"3089","1710228","1426","03/11/2018"
"3096","275041","1432","03/12/2018"
"3102","1630151","1437","03/13/2018"
"3128","1200989","1416","03/18/2018"
"3165","669267","1479","03/20/2018"
"3174","744301","642","03/21/2018"
"3175","296161","642","03/21/2018"
"3194","1748246","1501","03/22/2018"
"3196","1729570","1437","03/23/2018"
"3204","1105132","1509","03/23/2018"
"3205","1745745","1510","03/23/2018"
"3207","810225","1512","03/23/2018"
"3208","1751342","1512","03/23/2018"
"3209","1743904","1509","03/23/2018"
"3210","1745745","1513","03/23/2018"
"3211","1745745","1514","03/24/2018"
"3241","1770740","1524","03/29/2018"
"3243","1112608","1526","03/30/2018"
"3271","699711","1538","04/03/2018"
"3275","1788825","1538","04/04/2018"
"3276","1788818","1538","04/04/2018"
"3277","1788939","1538","04/04/2018"
"3281","1267402","1543","04/06/2018"
"3282","1788819","1538","04/06/2018"
"3283","1296980","1538","04/06/2018"
"3297","1802094","1553","04/10/2018"
"3315","1816047","1538","04/14/2018"
"3320","573148","1403","04/16/2018"
"3321","14982","1403","04/16/2018"
"3323","166871","1566","04/19/2018"
"3324","1519419","1566","04/19/2018"
"3325","1837511","1567","04/19/2018"
"3327","1314380","1568","04/19/2018"
"3328","1314380","1569","04/19/2018"
"3329","1314380","1570","04/19/2018"
"3337","1314380","1572","04/20/2018"
"3338","1314380","1573","04/21/2018"
"3342","1736235","1575","04/23/2018"
"3357","484516","1585","04/25/2018"
"3361","1056333","1588","04/26/2018"
"3363","1812674","1590","04/27/2018"
"3366","1870067","1593","04/30/2018"
"3367","1526108","1593","04/30/2018"
"3368","1870156","1593","04/30/2018"
"3381","1086507","1602","05/02/2018"
"3382","660805","1602","05/02/2018"
"3383","1790775","1602","05/02/2018"
"3384","1343843","1602","05/02/2018"
"3397","1809621","1602","05/04/2018"
"3398","1185516","1602","05/04/2018"
"3401","1882172","1602","05/04/2018"
"3408","1715872","1403","05/05/2018"
"3409","1674964","1403","05/05/2018"
"3413","603584","1623","05/07/2018"
"3431","17160","1632","05/10/2018"
"3441","1091466","1638","05/15/2018"
"3442","1789833","1639","05/16/2018"
"3446","851549","1643","05/17/2018"
"3447","1269512","1643","05/17/2018"
"3448","1120410","1643","05/17/2018"
"3449","1106264","1643","05/17/2018"
"3450","1479105","1643","05/17/2018"
"3452","1920732","1643","05/17/2018"
"3454","1908089","1645","05/18/2018"
"3456","498513","1645","05/18/2018"
"3457","1094798","1645","05/18/2018"
"3458","621251","1645","05/18/2018"
"3462","1510073","1645","05/20/2018"
"3463","1515169","1645","05/20/2018"
"3468","1828620","1650","05/21/2018"
"3472","1087653","1653","05/21/2018"
"3473","1225793","1654","05/21/2018"
"3476","155044","57","05/22/2018"
"3477","279166","57","05/22/2018"
"3478","1932632","1654","05/22/2018"
"3479","1932647","1654","05/22/2018"
"3482","1795440","1657","05/22/2018"
"3485","1880266","1657","05/22/2018"
"3499","1922556","1665","05/24/2018"
"3503","6979","1643","05/25/2018"
"3517","1870734","1675","05/29/2018"
"3520","728726","1643","05/30/2018"
"3521","1468038","1144","05/30/2018"
"3527","1739836","1654","05/31/2018"
"3536","1960785","1684","06/02/2018"
"3547","804967","1693","06/07/2018"
"3548","1940534","1693","06/07/2018"
"3566","534045","1704","06/12/2018"
"3573","1505231","1707","06/14/2018"
"3574","892849","1707","06/14/2018"
"3575","187285","1707","06/14/2018"
"3576","825385","1707","06/14/2018"
"3577","1993822","1707","06/14/2018"
"3578","894334","1707","06/14/2018"
"3579","1993955","1654","06/14/2018"
"3580","67483","1708","06/14/2018"
"3581","1993875","1654","06/14/2018"
"3610","1056333","1726","06/21/2018"
"3615","1608433","1729","06/25/2018"
"3616","1604913","1729","06/25/2018"
"3617","1608996","1729","06/25/2018"
"3618","1608450","1729","06/25/2018"
"3627","339179","1735","06/27/2018"
"3632","1964101","1737","06/27/2018"
"3634","1538877","1729","06/28/2018"
"3640","345775","642","06/30/2018"
"3641","894165","642","07/01/2018"
"3642","368987","642","07/01/2018"
"3643","622729","1742","07/01/2018"
"3646","1380377","1742","07/01/2018"
"3649","2025639","1737","07/02/2018"
"3650","2011417","1737","07/02/2018"
"3666","1314380","1304","07/06/2018"
"3677","1056333","1761","07/10/2018"
"3681","1056333","1764","07/11/2018"
"3682","2063115","1765","07/12/2018"
"3691","263098","1609","07/13/2018"
"3692","1314380","1609","07/13/2018"
"3698","566961","1771","07/19/2018"
"3699","2064681","1771","07/19/2018"
"3700","2064864","1771","07/19/2018"
"3701","1258819","1771","07/19/2018"
"3707","232403","1776","07/21/2018"
"3710","2087171","1778","07/21/2018"
"3715","2087668","1781","07/22/2018"
"3717","97977","1360","07/23/2018"
"3724","1056333","1785","07/24/2018"
"3727","2092189","1575","07/25/2018"
"3733","313148","1789","07/25/2018"
"3737","2096304","3","07/27/2018"
"3748","1314380","19","07/29/2018"
"3750","495305","19","07/29/2018"
"3752","2109651","1799","07/30/2018"
"3753","2109856","1800","07/30/2018"
"3754","1077850","1653","07/30/2018"
"3755","1056333","1801","07/30/2018"
"3756","2111708","1802","07/31/2018"
"3763","1064708","1056","07/31/2018"
"3764","263098","227","08/01/2018"
"3765","2037175","1806","08/01/2018"
"3769","495305","227","08/01/2018"
"3772","1412097","1809","08/02/2018"
"3774","1056333","1810","08/02/2018"
"3776","2119428","1812","08/03/2018"
"3777","1698704","1809","08/03/2018"
"3778","2122817","1813","08/03/2018"
"3779","2123038","1813","08/03/2018"
"3780","2123050","1813","08/03/2018"
"3781","2123054","1813","08/03/2018"
"3787","1056333","1817","08/04/2018"
"3789","2125415","1813","08/04/2018"
"3802","2123296","1813","08/06/2018"
"3803","2124329","1813","08/06/2018"
"3816","1314380","227","08/07/2018"
"3843","1595389","642","08/10/2018"
"3844","171873","642","08/10/2018"
"3845","350799","642","08/10/2018"
"3846","934290","642","08/10/2018"
"3847","720243","642","08/10/2018"
"3850","755839","642","08/11/2018"
"3862","1314380","1606","08/13/2018"
"3863","263098","1606","08/13/2018"
"3870","263098","1840","08/14/2018"
"3873","83264","1845","08/15/2018"
"3876","2018393","1846","08/15/2018"
"3877","908283","1846","08/15/2018"
"3890","1314380","265","08/17/2018"
"3897","263098","22","08/17/2018"
"3898","149361","1846","08/17/2018"
"3901","2165085","1800","08/21/2018"
"3912","2042823","1860","08/24/2018"
"3915","263098","1304","08/24/2018"
"3924","604469","642","08/27/2018"
"3925","1066266","642","08/27/2018"
"3926","2119447","1866","08/28/2018"
"3930","2189311","1868","08/28/2018"
"3938","363703","642","08/29/2018"
"3942","2194872","1876","08/30/2018"
"3943","535639","1776","08/30/2018"
"3944","880113","1776","08/30/2018"
"3945","475808","1776","08/30/2018"
"3946","1288752","1776","08/30/2018"
"3947","787066","1776","08/30/2018"
"3950","1579241","1776","08/30/2018"
"3951","1354209","1776","08/30/2018"
"3952","682074","1776","08/30/2018"
"3954","1275910","1776","08/30/2018"
"3967","484168","1776","08/30/2018"
"3973","1314380","1878","08/30/2018"
"3980","2198034","1881","08/31/2018"
"3981","532748","1776","08/31/2018"
"3985","2200377","1876","09/01/2018"
"3989","1966677","1884","09/01/2018"
"4026","2205377","1602","09/03/2018"
"4027","1810884","1602","09/03/2018"
"4030","1253728","1884","09/04/2018"
"4031","2188231","1891","09/04/2018"
"4076","2225416","1907","09/08/2018"
"4087","1304679","1911","09/11/2018"
"4088","263098","532","09/11/2018"
"4092","1552270","1914","09/12/2018"
"4093","2163706","1911","09/12/2018"
"4099","263098","12","09/13/2018"
"4102","1314380","532","09/13/2018"
"4108","1314380","223","09/14/2018"
"4109","1314380","12","09/14/2018"
"4129","1048243","1776","09/17/2018"
"4152","465880","642","09/20/2018"
"4153","2201395","1939","09/21/2018"
"4154","850927","1940","09/21/2018"
"4155","1372606","1940","09/21/2018"
"4156","1374398","1940","09/21/2018"
"4157","721272","1940","09/21/2018"
"4158","2185755","1941","09/21/2018"
"4159","1274200","1941","09/21/2018"
"4161","1549225","1942","09/21/2018"
"4164","1","4","09/22/2018"
"4166","2274454","1942","09/22/2018"
"4167","2274415","1942","09/22/2018"
"4168","682191","642","09/22/2018"
"4175","1541931","1949","09/24/2018"
"4176","1","1933","09/24/2018"
"4197","2233413","1102","09/26/2018"
"4199","1","170","09/26/2018"
"4229","2287694","1967","09/30/2018"
"4230","2305640","1967","09/30/2018"
"4249","1670436","1977","10/02/2018"
"4250","2313269","1977","10/02/2018"
"4251","2313286","1977","10/02/2018"
"4261","2314252","1977","10/02/2018"
"4262","2314256","1977","10/02/2018"
"4277","263098","1933","10/03/2018"
"4278","1","1983","10/04/2018"
"4279","2318725","1977","10/04/2018"
"4295","1965938","1977","10/05/2018"
"4296","2325912","1977","10/05/2018"
"4297","2325953","1977","10/05/2018"
"4299","2308695","1989","10/05/2018"
"4324","1314380","158","10/08/2018"
"4330","116245","2004","10/09/2018"
"4333","2340629","106","10/09/2018"
"4354","1314380","1933","10/10/2018"
"4357","1314380","1983","10/10/2018"
"4370","2279017","2021","10/12/2018"
"4371","1537064","2021","10/12/2018"
"4372","2354123","2021","10/12/2018"
"4374","280381","2022","10/12/2018"
"4384","2359558","1914","10/14/2018"
"4385","2358001","2022","10/14/2018"
"4386","280381","2027","10/14/2018"
"4387","2358001","2027","10/14/2018"
"4388","172561","2027","10/14/2018"
"4394","2363642","2031","10/15/2018"
"4395","345409","2022","10/15/2018"
"4396","1637980","2022","10/15/2018"
"4403","309364","642","10/15/2018"
"4405","776370","2034","10/16/2018"
"4406","380546","2035","10/16/2018"
"4407","1716339","2036","10/16/2018"
"4413","1414757","2034","10/17/2018"
"4414","2237512","2034","10/17/2018"
"4415","2209671","2034","10/17/2018"
"4416","1608778","2034","10/17/2018"
"4417","2214783","2034","10/17/2018"
"4418","1745134","2034","10/17/2018"
"4419","2257888","2034","10/17/2018"
"4420","2241379","2034","10/17/2018"
"4421","2258551","2034","10/17/2018"
"4423","2209875","2034","10/17/2018"
"4424","2245349","2034","10/17/2018"
"4425","2020033","2034","10/17/2018"
"4426","2209713","2034","10/17/2018"
"4427","1013789","2034","10/17/2018"
"4428","1310587","2034","10/17/2018"
"4429","2245405","2034","10/17/2018"
"4430","2237511","2034","10/17/2018"
"4431","1404842","2034","10/17/2018"
"4432","1792707","2034","10/17/2018"
"4433","1963818","2034","10/17/2018"
"4434","2210634","2034","10/17/2018"
"4435","2210312","2034","10/17/2018"
"4436","1702210","2034","10/17/2018"
"4437","2204052","2034","10/17/2018"
"4438","1217671","2034","10/17/2018"
"4439","1240644","2034","10/17/2018"
"4440","2219167","2034","10/17/2018"
"4441","2068228","2036","10/18/2018"
"4444","1409804","1776","10/18/2018"
"4519","128532","2069","10/27/2018"
"4536","263098","457","10/30/2018"
"4537","495305","2068","10/30/2018"
"4538","1314380","457","10/30/2018"
"4539","1314380","170","10/30/2018"
"4541","430820","2079","10/31/2018"
"4542","2014329","2079","10/31/2018"
"4561","2170792","2087","11/02/2018"
"4562","2438859","2087","11/02/2018"
"4583","2354543","2099","11/06/2018"
"4584","2446160","2099","11/06/2018"
"4594","2167770","2079","11/07/2018"
"4598","1482010","1693","11/08/2018"
"4599","2299667","1693","11/08/2018"
"4600","605550","1693","11/08/2018"
"4601","1947011","1693","11/08/2018"
"4602","2304226","1693","11/08/2018"
"4603","1384838","1693","11/08/2018"
"4604","2214940","1693","11/08/2018"
"4605","1853246","1693","11/08/2018"
"4606","2290926","1693","11/08/2018"
"4607","2287463","1693","11/08/2018"
"4608","2287530","1693","11/08/2018"
"4612","864116","2110","11/09/2018"
"4617","2472928","2114","11/11/2018"
"4618","1415483","2114","11/11/2018"
"4619","2088614","2114","11/11/2018"
"4623","2106453","2114","11/11/2018"
"4624","1085104","2114","11/11/2018"
"4635","1896715","2114","11/13/2018"
"4637","1314380","2054","11/13/2018"
"4638","1314380","185","11/13/2018"
"4643","1","2127","11/14/2018"
"4696","2415458","2145","11/19/2018"
"4738","2205222","2169","11/26/2018"
"4746","139330","2176","11/28/2018"
"4747","263098","2177","11/28/2018"
"4756","2143876","2022","11/30/2018"
"4760","2430178","2183","12/01/2018"
"4761","1058538","2183","12/01/2018"
"4772","2016269","2188","12/03/2018"
"4774","2547604","2188","12/03/2018"
"4779","2082010","1765","12/04/2018"
"4780","93682","642","12/05/2018"
"4792","1286127","2176","12/07/2018"
"4815","2598973","106","12/10/2018"
"4819","824934","2210","12/12/2018"
"4820","2298609","2210","12/12/2018"
"4825","2603115","106","12/12/2018"
"4858","475808","2240","12/17/2018"
"4859","535639","2240","12/17/2018"
"4860","232403","2240","12/17/2018"
"4861","2624551","2240","12/17/2018"
"4862","2070570","2241","12/18/2018"
"4863","2422144","2240","12/18/2018"
"4864","2626927","2240","12/18/2018"
"4865","2626932","2240","12/18/2018"
"4866","2185920","2240","12/18/2018"
"4867","2626939","2240","12/18/2018"
"4868","2423147","2240","12/18/2018"
"4869","2626937","2240","12/18/2018"
"4870","2422165","2240","12/18/2018"
"4871","2626955","2240","12/18/2018"
"4872","616678","2240","12/18/2018"
"4873","2626928","2240","12/18/2018"
"4874","630219","2240","12/18/2018"
"4875","2626923","2240","12/18/2018"
"4876","2626950","2240","12/18/2018"
"4877","2626925","2240","12/18/2018"
"4878","1988639","2240","12/18/2018"
"4880","2626971","2240","12/18/2018"
"4881","495305","2241","12/18/2018"
"4892","2617617","1776","12/19/2018"
"4895","995397","2247","12/19/2018"
"4898","2623693","2250","12/20/2018"
"4902","1309675","2240","12/21/2018"
"4930","83264","2269","12/27/2018"
"4931","393135","2269","12/27/2018"
"4934","1934014","1653","12/29/2018"
"4935","1928400","1653","12/29/2018"
"4947","1","1609","01/02/2019"
"4948","1","2137","01/02/2019"
"4949","1","223","01/02/2019"
"4950","1","1612","01/02/2019"
"4953","1","265","01/02/2019"
"4954","1","959","01/02/2019"
"4955","1","1878","01/02/2019"
"4957","1","1595","01/02/2019"
"4959","1","457","01/02/2019"
"4960","1","2122","01/02/2019"
"4961","1","227","01/02/2019"
"4962","1","1606","01/02/2019"
"4966","1","532","01/02/2019"
"4967","1","1840","01/02/2019"
"4968","1","2054","01/02/2019"
"4988","2677389","2293","01/06/2019"
"4989","2526061","1602","01/07/2019"
"4990","1911261","1602","01/07/2019"
"5003","2505942","1391","01/09/2019"
"5004","2527181","1391","01/09/2019"
"5009","263098","2137","01/09/2019"
"5014","2006700","2304","01/10/2019"
"5015","1496622","2304","01/10/2019"
"5016","1512590","2304","01/10/2019"
"5017","1928515","2304","01/10/2019"
"5022","2680939","2307","01/10/2019"
"5024","1314380","2137","01/10/2019"
"5038","251108","2318","01/13/2019"
"5040","1527113","2318","01/13/2019"
"5044","2682238","2321","01/14/2019"
"5045","2668386","2321","01/14/2019"
"5049","2135247","2318","01/14/2019"
"5053","2633647","1765","01/15/2019"
"5054","1784734","2326","01/15/2019"
"5055","2038796","2326","01/15/2019"
"5057","2707955","2328","01/15/2019"
"5059","328514","2329","01/16/2019"
"5061","2697732","2331","01/16/2019"
"5062","279640","2331","01/16/2019"
"5065","1304825","2329","01/17/2019"
"5084","1818180","2326","01/19/2019"
"5109","2734816","2326","01/23/2019"
"5121","833757","642","01/24/2019"
"5124","701996","2363","01/25/2019"
"5125","876878","2363","01/25/2019"
"5126","878726","2363","01/25/2019"
"5139","656593","2370","01/28/2019"
"5150","1628704","2378","01/30/2019"
"5151","1181074","2378","01/30/2019"
"5152","2325278","2378","01/30/2019"
"5174","2781690","2396","02/05/2019"
"5181","2192068","2399","02/05/2019"
"5182","2728294","2399","02/05/2019"
"5184","2766201","2034","02/05/2019"
"5225","1344959","2422","02/15/2019"
"5230","2131418","1776","02/15/2019"
"5231","1747396","1776","02/15/2019"
"5232","2024851","1776","02/15/2019"
"5233","2600950","1776","02/15/2019"
"5241","2799149","2422","02/18/2019"
"5242","574447","2422","02/18/2019"
"5249","494318","2436","02/18/2019"
"5250","744710","2436","02/18/2019"
"5283","2040319","2451","02/20/2019"
"5284","2036307","2451","02/20/2019"
"5285","1357160","1776","02/20/2019"
"5286","1420905","1776","02/20/2019"
"5287","2758119","1776","02/20/2019"
"5288","2730619","1776","02/20/2019"
"5289","1031503","1776","02/20/2019"
"5290","100119","1776","02/20/2019"
"5291","1473087","1776","02/20/2019"
"5292","1888614","1776","02/20/2019"
"5294","1671009","1776","02/20/2019"
"5300","2849731","2456","02/22/2019"
"5311","1059495","1776","02/25/2019"
"5328","2866113","1776","02/26/2019"
"5333","2858284","1776","02/26/2019"
"5334","1202696","1776","02/26/2019"
"5335","1651215","1776","02/26/2019"
"5339","873159","1776","02/27/2019"
"5341","698562","1776","02/27/2019"
"5380","2781352","2499","03/04/2019"
"5417","2903648","2521","03/10/2019"
"5418","2908315","2521","03/10/2019"
"5419","1503253","2521","03/10/2019"
"5421","2920905","1776","03/10/2019"
"5426","2892938","2525","03/11/2019"
"5427","2215346","2525","03/11/2019"
"5428","2649197","1776","03/11/2019"
"5464","727004","642","03/18/2019"
"5465","1192776","642","03/18/2019"
"5471","836544","642","03/19/2019"
"5472","203630","642","03/19/2019"
"5473","312118","642","03/19/2019"
"5474","1857603","642","03/19/2019"
"5475","536494","642","03/19/2019"
"5476","676559","642","03/19/2019"
"5477","1209886","642","03/19/2019"
"5478","688766","642","03/19/2019"
"5479","252182","642","03/19/2019"
"5493","2011241","642","03/19/2019"
"5496","331050","2547","03/20/2019"
"5499","2718307","1765","03/20/2019"
"5500","421","642","03/20/2019"
"5503","1962718","642","03/21/2019"
"5504","2052411","2547","03/21/2019"
"5505","1451372","2547","03/21/2019"
"5512","707270","2547","03/21/2019"
"5515","406292","2556","03/21/2019"
"5518","2974821","2396","03/21/2019"
"5519","2351317","2558","03/21/2019"
"5521","277395","2547","03/22/2019"
"5543","995397","2567","03/26/2019"
"5545","2998575","2569","03/27/2019"
"5546","646110","2547","03/27/2019"
"5565","1909141","2576","03/28/2019"
"5566","2983519","2576","03/28/2019"
"5567","2987252","2576","03/28/2019"
"5569","1364892","2577","03/29/2019"
"5570","1364901","2577","03/29/2019"
"5571","2711074","2577","03/29/2019"
"5597","603584","2602","04/03/2019"
"5602","1484870","2240","04/03/2019"
"5604","3033315","2577","04/04/2019"
"5616","3013795","2613","04/05/2019"
"5617","3044646","2613","04/05/2019"
"5627","2861624","2621","04/08/2019"
"5636","2979785","2396","04/08/2019"
"5637","3058512","2396","04/08/2019"
"5646","1524123","2631","04/09/2019"
"5647","833969","2631","04/09/2019"
"5649","944172","2631","04/09/2019"
"5650","968862","2632","04/10/2019"
"5651","3063742","2632","04/10/2019"
"5652","1626686","642","04/10/2019"
"5656","2576547","642","04/10/2019"
"5657","3063117","2632","04/10/2019"
"5675","3070992","2331","04/11/2019"
"5705","171499","642","04/17/2019"
"5706","364812","642","04/17/2019"
"5707","3070481","2632","04/17/2019"
"5708","100379","2662","04/17/2019"
"5711","1051827","2665","04/18/2019"
"5712","1529479","2665","04/18/2019"
"5735","3129429","2632","04/23/2019"
"5736","2755695","642","04/24/2019"
"5740","3070360","2632","04/24/2019"
"5748","2679105","2686","04/26/2019"
"5778","1946107","2701","05/04/2019"
"5780","1279146","2703","05/05/2019"
"5781","878726","2703","05/05/2019"
"5793","2186688","1866","05/08/2019"
"5801","2139476","642","05/08/2019"
"5808","3203702","2716","05/09/2019"
"5810","195589","2703","05/10/2019"
"5822","1445422","2726","05/13/2019"
"5823","356919","2726","05/13/2019"
"5831","791012","912","05/14/2019"
"5834","3201656","1167","05/15/2019"
"5835","603584","2734","05/15/2019"
"5859","3244450","2745","05/19/2019"
"5894","1217076","2769","05/27/2019"
"5895","1524123","2769","05/27/2019"
"5896","2532693","2769","05/27/2019"
"5900","3277855","2769","05/27/2019"
"5902","2974738","2769","05/27/2019"
"5914","1471663","2781","05/29/2019"
"5922","3045687","2788","05/30/2019"
"5927","2201395","2792","05/31/2019"
"5946","2059245","2802","06/04/2019"
"5947","880440","2802","06/04/2019"
"5977","1647600","2823","06/05/2019"
"5978","1652432","2823","06/05/2019"
"5979","1357589","2823","06/05/2019"
"5985","3320303","2701","06/06/2019"
"5992","995397","2833","06/07/2019"
"6026","1330987","2858","06/12/2019"
"6027","590419","2858","06/12/2019"
"6047","603584","2872","06/14/2019"
"6128","995397","2931","06/25/2019"
"6135","3385658","1167","06/26/2019"
"6139","494318","2940","06/27/2019"
"6140","96423","2940","06/27/2019"
"6141","66235","2940","06/27/2019"
"6144","61868","2940","06/27/2019"
"6173","3339016","2962","07/01/2019"
"6174","3333422","2962","07/01/2019"
"6175","3414591","2962","07/01/2019"
"6196","3337677","2981","07/05/2019"
"6197","332827","1776","07/05/2019"
"6202","670145","2983","07/06/2019"
"6203","741705","2983","07/06/2019"
"6204","788264","2983","07/06/2019"
"6205","745517","2983","07/06/2019"
"6232","2720689","3007","07/10/2019"
"6233","1987713","3007","07/10/2019"
"6234","1991328","3007","07/10/2019"
"6245","1095143","3016","07/11/2019"
"6246","2595055","3007","07/11/2019"
"6247","2114970","3007","07/11/2019"
"6248","2692417","3007","07/11/2019"
"6252","3454488","3020","07/12/2019"
"6253","3454536","3020","07/12/2019"
"6255","3454591","3020","07/12/2019"
"6256","2165817","3007","07/12/2019"
"6260","3455008","3007","07/12/2019"
"6261","1201620","3007","07/12/2019"
"6271","3460525","3007","07/14/2019"
"6295","3474134","3020","07/17/2019"
"6297","178864","2940","07/17/2019"
"6299","1677350","2940","07/17/2019"
"6300","263042","2940","07/17/2019"
"6317","1890077","3007","07/19/2019"
"6319","760786","3068","07/19/2019"
"6321","3026687","2858","07/20/2019"
"6323","549950","642","07/20/2019"
"6334","3492107","3020","07/22/2019"
"6370","3482382","3107","07/26/2019"
"6371","2606282","3107","07/26/2019"
"6372","2127415","3107","07/26/2019"
"6387","672392","3114","07/26/2019"
"6388","3144035","3114","07/26/2019"
"6389","3510493","3114","07/26/2019"
"6432","3527499","3146","07/31/2019"
"6447","2736499","3158","08/02/2019"
"6508","343283","3191","08/07/2019"
"6514","868755","3146","08/07/2019"
"6518","3295277","2716","08/08/2019"
"6519","622430","2716","08/08/2019"
"6523","3295277","3201","08/08/2019"
"6524","622430","3201","08/08/2019"
"6525","2400676","3201","08/08/2019"
"6526","3103882","3201","08/08/2019"
"6544","2226840","3217","08/10/2019"
"6556","3462022","3228","08/12/2019"
"6557","3500739","3228","08/12/2019"
"6558","3461944","3228","08/12/2019"
"6570","3545807","2981","08/13/2019"
"6574","2858272","3239","08/14/2019"
"6638","3474589","3289","08/19/2019"
"6649","3599578","2781","08/20/2019"
"6650","2351667","2781","08/20/2019"
"6651","2214986","2781","08/20/2019"
"6652","3603949","2781","08/20/2019"
"6654","3606632","1426","08/21/2019"
"6655","1","540","08/21/2019"
"6673","1049521","3309","08/25/2019"
"6674","1061417","3309","08/25/2019"
"6675","1167538","3309","08/25/2019"
"6676","1917596","3309","08/25/2019"
"6838","1613307","3467","08/28/2019"
"7040","1373060","1426","09/03/2019"
"7051","1144200","3289","09/04/2019"
"7053","78585","3289","09/04/2019"
"7054","1377240","3289","09/04/2019"
"7056","1208936","3467","09/04/2019"
"7057","1458318","3467","09/04/2019"
"7058","393742","3289","09/04/2019"
"7077","995397","3695","09/04/2019"
"7089","1464359","3706","09/05/2019"
"7090","894282","3706","09/05/2019"
"7091","2379721","3706","09/05/2019"
"7102","3156145","3716","09/06/2019"
"7168","1314380","4","09/30/2019"
"7170","603584","3726","11/08/2019"
"7171","1","2629","11/20/2019"
"7172","1","2638","11/20/2019"
"7173","1","2637","11/20/2019"
"7174","995397","3727","11/21/2019"
"7218","603584","3728","12/09/2019"
"7219","1095143","3729","12/16/2019"
"7220","995397","3730","01/14/2020"
"7224","1314380","3731","01/18/2020"
"7225","1314380","3732","01/18/2020"
"7227","603584","3733","01/28/2020"
"7228","603584","3734","01/29/2020"
"7229","1095143","3735","02/07/2020"
"7231","1314380","1840","02/14/2020"
"7232","1095143","3736","02/21/2020"
"7233","998023","3737","03/12/2020"
"7234","2931338","3737","03/12/2020"
"7235","368","3737","03/15/2020"
"7236","263098","3738","04/01/2020"
"7241","995397","3741","04/08/2020"
"7242","1095143","3742","04/15/2020"
"7251","995397","3743","05/04/2020"
"7252","603584","3744","05/05/2020"
"7253","603584","3745","05/06/2020"
"7255","603584","3746","05/19/2020"
"7256","1095143","3747","05/28/2020"
"7257","1095143","3748","06/03/2020"
"7261","995397","3750","07/20/2020"
"7264","1095143","3752","09/03/2020"
"7265","1314380","3753","09/04/2020"
"7266","1314380","3754","09/04/2020"
"7267","995397","3753","09/08/2020"
"7268","995397","3755","09/10/2020"
"7270","995397","3756","09/20/2020"
"7271","603584","3757","09/30/2020"
"7272","603584","3758","10/01/2020"
"7275","603584","3759","10/28/2020"
"7277","1095143","3760","11/05/2020"
"7278","995397","3761","11/11/2020"
"7279","995397","3762","12/03/2020"
"7280","1314380","3763","12/11/2020"
"7281","1314380","3764","12/11/2020"
"7282","995397","3765","12/14/2020"
"7283","603584","3766","12/17/2020"
"7284","603584","3767","12/21/2020"
"7291","1095143","3768","02/03/2021"
"7292","1314380","3769","02/12/2021"
"7293","995397","3770","02/19/2021"
"7294","1772071","3786","07/13/2021"
"7295","1880987","3796","11/23/2021"
"7296","8540591","4","01/15/2022"
"7297","8416198","3828","11/08/2022"
"7298","1984530","1623","02/10/2023"
"7300","1177053","3837","04/14/2023"
"7301","6555275","3837","04/17/2023"
"7302","603584","3838","04/24/2023"
"7303","59561","3838","04/24/2023"
"7304","4015633","3838","04/24/2023"
"7305","14692874","3838","04/25/2023"
"7306","1314380","3839","04/28/2023"
"7307","3636802","3839","04/28/2023"
"7308","495305","3839","04/28/2023"
"7311","1954722","3843","06/01/2023"
"7312","3098197","3844","06/21/2023"
"7313","1954722","3844","06/23/2023"
"7314","1314380","855","07/07/2023"
"7315","59561","855","07/07/2023"
"7316","1314380","3844","07/07/2023"
"7317","12937328","66","07/11/2023"
"7318","9126257","4","07/11/2023"
"7319","243347","3843","07/11/2023"
"7320","2039816","4","07/11/2023"
"7321","15933378","3844","07/12/2023"
"7322","1314380","3845","07/14/2023"
"7323","1314380","3846","07/19/2023"
"7324","1314380","3837","07/19/2023"
"7325","1314380","3848","07/25/2023"
"7326","1314380","3849","07/25/2023"
"7327","1314380","3851","07/26/2023"
"7328","15573985","3847","07/27/2023"
"7329","14994045","3847","07/27/2023"
"7331","1314380","3852","07/27/2023"
"7332","1314380","2","07/27/2023"
"7333","1314380","183","07/28/2023"
"7334","1314380","3853","07/29/2023"
"7335","16130302","3837","08/01/2023"
"7336","495305","3837","08/01/2023"
"7337","603584","3837","08/01/2023"
"7338","16182844","3837","08/01/2023"
"7339","1314380","3856","08/07/2023"
"7340","11924351","3856","08/07/2023"
"7341","1314380","3857","08/10/2023"
"7342","1314380","3858","08/10/2023"
"7343","1314380","3859","08/10/2023"
"7344","1314380","3860","08/10/2023"
"7345","1314380","3861","08/17/2023"
"7346","16405305","3837","08/21/2023"
"7347","115173","3837","08/22/2023"
"7349","1915","3837","08/31/2023"
"7350","16536915","3837","08/31/2023"
"7353","11117082","3874","09/28/2023"
"7354","1","122","10/24/2016"
"7355","1","210","11/15/2016"
"7356","1","373","01/17/2017"
"7357","1","445","02/08/2017"
"7358","1","3771","03/08/2021"
"7359","1","3772","03/08/2021"
"7360","1","3773","03/09/2021"
"7361","1","3774","03/17/2021"
"7362","1","3775","04/13/2021"
"7363","1","3776","04/29/2021"
"7364","1","3777","04/29/2021"
"7365","1","3778","05/04/2021"
"7366","1","3779","05/04/2021"
"7367","1","3780","05/10/2021"
"7368","1","3781","05/25/2021"
"7369","1","3782","06/01/2021"
"7370","1","3783","06/16/2021"
"7371","1","3784","07/12/2021"
"7372","1","3785","07/12/2021"
"7373","1","3786","07/13/2021"
"7374","1","3787","07/14/2021"
"7375","1","3788","07/20/2021"
"7376","1","3789","07/30/2021"
"7377","1","3790","09/03/2021"
"7378","1","3791","09/10/2021"
"7379","1","3792","10/07/2021"
"7380","1","3793","10/07/2021"
"7381","1","3794","10/26/2021"
"7382","1","3795","11/08/2021"
"7383","1","3796","11/23/2021"
"7384","1","3797","11/30/2021"
"7385","1","3798","01/24/2022"
"7386","1","3799","02/16/2022"
"7387","1","3800","03/08/2022"
"7388","1","3801","03/16/2022"
"7389","1","3802","03/17/2022"
"7390","1","3803","03/22/2022"
"7391","1","3804","03/23/2022"
"7392","1","3805","05/10/2022"
"7393","1","3806","05/24/2022"
"7394","1","3807","06/21/2022"
"7395","1","3808","06/22/2022"
"7396","1","3809","06/25/2022"
"7397","1","3810","07/01/2022"
"7398","1","3811","08/05/2022"
"7399","1","3812","08/05/2022"
"7400","1","3813","08/08/2022"
"7401","1","3814","08/26/2022"
"7402","1","3815","08/31/2022"
"7403","1","3816","08/31/2022"
"7404","1","3817","08/31/2022"
"7405","1","3818","08/31/2022"
"7406","1","3819","08/31/2022"
"7407","1","3820","08/31/2022"
"7408","1","3821","08/31/2022"
"7409","1","3822","08/31/2022"
"7410","1","3823","08/31/2022"
"7411","1","3824","09/26/2022"
"7412","1","3825","09/30/2022"
"7413","1","3826","09/30/2022"
"7414","1","3827","10/12/2022"
"7415","1","3828","11/07/2022"
"7416","1","3829","12/01/2022"
"7417","1","3830","01/19/2023"
"7418","1","3831","01/20/2023"
"7419","1","3832","01/25/2023"
"7420","1","3833","02/15/2023"
"7421","1","3834","03/02/2023"
"7422","1","3835","03/07/2023"
"7423","1","3836","03/10/2023"
"7424","1","3837","04/12/2023"
"7425","1","3838","04/24/2023"
"7426","1","3839","04/28/2023"
"7427","1","3840","04/28/2023"
"7428","1","3841","05/05/2023"
"7429","1","3842","05/22/2023"
"7430","1","3843","06/01/2023"
"7431","1","3844","06/21/2023"
"7432","1","3845","07/14/2023"
"7433","1","3846","07/19/2023"
"7435","1","3848","07/25/2023"
"7436","1","3849","07/25/2023"
"7437","1","3850","07/26/2023"
"7438","1","3851","07/26/2023"
"7439","1","3852","07/27/2023"
"7440","1","3853","07/29/2023"
"7441","1","3854","08/03/2023"
"7442","1","3855","08/03/2023"
"7443","1","3856","08/07/2023"
"7444","1","3857","08/10/2023"
"7445","1","3858","08/10/2023"
"7446","1","3859","08/10/2023"
"7447","1","3860","08/10/2023"
"7448","1","3861","08/17/2023"
"7449","1","3862","09/06/2023"
"7450","1","3863","09/06/2023"
"7451","1","3864","09/06/2023"
"7452","1","3865","09/06/2023"
"7453","1","3866","09/06/2023"
"7454","1","3867","09/07/2023"
"7455","1","3868","09/11/2023"
"7456","1","3869","09/11/2023"
"7457","1","3870","09/25/2023"
"7458","1","3871","09/25/2023"
"7459","1","3872","09/25/2023"
"7460","1","3873","09/27/2023"
"7461","1","3875","10/10/2023"
"7463","993","3","08/20/2016"
"7465","993","9","09/28/2016"
"7466","993","10","09/28/2016"
"7474","484516","1202","12/06/2017"
"7476","495305","21","10/19/2016"
"7477","495305","233","11/21/2016"
"7478","495305","234","11/21/2016"
"7479","495305","480","02/24/2017"
"7480","495305","621","04/10/2017"
"7481","495305","634","04/17/2017"
"7482","495305","662","04/29/2017"
"7483","495305","675","05/03/2017"
"7484","495305","681","05/05/2017"
"7485","495305","764","06/07/2017"
"7486","495305","779","06/13/2017"
"7487","603584","1520","03/26/2018"
"7488","623965","1657","05/22/2018"
"7489","699407","5","09/27/2016"
"7490","699407","15","10/06/2016"
"7491","760786","2351","01/21/2019"
"7494","1056333","767","06/09/2017"
"7495","1056333","833","07/05/2017"
"7496","1056333","901","08/04/2017"
"7497","1056333","960","08/31/2017"
"7498","1056333","975","09/07/2017"
"7499","1056333","1022","09/22/2017"
"7500","1056333","1039","10/03/2017"
"7501","1056333","1042","10/04/2017"
"7502","1056333","1218","12/14/2017"
"7503","1056333","1356","02/13/2018"
"7504","1056333","1453","03/18/2018"
"7505","1068592","696","05/11/2017"
"7506","1095143","768","06/09/2017"
"7507","1129209","829","07/04/2017"
"7508","1150235","885","07/31/2017"
"7510","1535527","1258","01/13/2018"
"7511","1621339","1357","02/13/2018"
"7512","1621339","1358","02/13/2018"
"7513","1877636","2774","05/28/2019"
"7514","1968551","1689","06/05/2018"
"7515","2018287","1728","06/25/2018"
"7516","2163267","2020","01/01/1900"
"7517","2219236","1903","09/07/2018"
"7518","2219236","1913","09/12/2018"
"7519","2467944","2227","12/15/2018"
"7520","3527499","3137","07/30/2019"
"7521","17279459","3855","10/17/2023"
"7522","17279459","3854","10/17/2023"
"7523","1984530","3854","10/17/2023"
"7524","4003597","3854","10/17/2023"
"7525","5903748","3854","10/17/2023"
"7526","495305","3855","10/17/2023"
"7527","2783199","3855","10/17/2023"
"7528","123235","3854","11/02/2023"
"7529","123235","3855","11/02/2023"
"7530","1178699","3840","11/02/2023"
"7531","2783199","3854","11/07/2023"
"7534","1314380","3823","11/10/2023"
"7535","1984530","3855","11/17/2023"
"7536","495305","1202","11/23/2023"
"7537","11117082","4","11/30/2023"
"7538","2783199","1202","12/04/2023"
"7539","5903748","1202","12/04/2023"
"7540","17747880","1202","12/04/2023"
"7541","1984530","1202","12/04/2023"
"7542","123235","1202","12/04/2023"
"7543","17279459","1202","12/04/2023"
"7544","674553","3849","12/05/2023"
"7545","1984530","3840","12/06/2023"
"7546","16253872","3840","12/06/2023"
"7547","15118492","3849","12/06/2023"
"7548","671464","1202","12/06/2023"
"7549","4003597","1202","12/06/2023"
"7550","8082276","1202","12/06/2023"
"7551","18104965","1202","12/06/2023"
"7552","8268466","1202","12/06/2023"
"7553","1984530","3823","12/20/2023"
"7554","1314380","3883","12/27/2023"
"7555","1314380","3884","12/28/2023"
"7557","2087330","484","01/03/2024"
"7558","7845731","3878","01/17/2024"
"7559","17785040","3878","01/17/2024"
"7560","5304379","484","01/18/2024"
"7561","1314380","3886","01/26/2024"
"7562","495305","3887","02/01/2024"
"7563","1880987","3887","02/01/2024"
"7564","11463520","3887","02/01/2024"
"7565","11117082","3887","02/01/2024"
"7566","495305","3888","02/03/2024"
"7567","10935768","4","02/05/2024"
"7568","11117082","3889","02/08/2024"
"7569","11117082","3890","02/09/2024"
"7570","1154157","3890","02/09/2024"
"7571","16262848","4","02/12/2024"
"7572","2783199","4","02/13/2024"
"7573","3452640","4","02/13/2024"
"7574","2003505","4","02/13/2024"
"7575","14477159","4","02/13/2024"
"7576","16253182","4","02/13/2024"
"7577","15667974","4","02/13/2024"
"7578","8184143","4","02/13/2024"
"7579","10701216","4","02/13/2024"
"7580","11463520","4","02/13/2024"
"7581","9796097","4","02/13/2024"
"7582","15118492","4","02/13/2024"
"7583","1891177","4","02/13/2024"
"7584","1314380","3891","02/13/2024"
"7585","6785952","4","02/14/2024"
"7586","10935768","855","02/14/2024"
"7590","1","2","07/25/2016"
"7591","1","3","08/20/2016"
"7592","1","8","09/27/2016"
"7593","1","10","09/28/2016"
"7594","1","78","10/20/2016"
"7595","1","175","11/03/2016"
"7596","1","181","11/04/2016"
"7597","1","183","11/05/2016"
"7598","1","184","11/06/2016"
"7599","1","186","11/06/2016"
"7600","1","188","11/07/2016"
"7601","1","189","11/07/2016"
"7602","1","190","11/07/2016"
"7603","1","191","11/08/2016"
"7604","1","197","11/11/2016"
"7605","1","198","11/12/2016"
"7606","1","199","11/12/2016"
"7607","1","200","11/13/2016"
"7608","1","201","11/13/2016"
"7609","1","209","11/14/2016"
"7610","1","212","11/15/2016"
"7611","1","214","11/15/2016"
"7612","1","220","11/16/2016"
"7613","1","222","11/17/2016"
"7614","1","224","11/17/2016"
"7615","1","229","11/20/2016"
"7616","1","263","11/25/2016"
"7617","1","266","11/27/2016"
"7618","1","267","11/28/2016"
"7619","1","279","12/04/2016"
"7620","1","285","12/06/2016"
"7621","1","294","12/07/2016"
"7622","1","306","12/08/2016"
"7623","1","307","12/08/2016"
"7624","1","345","12/23/2016"
"7625","1","360","01/09/2017"
"7626","1","372","01/17/2017"
"7627","1","374","01/17/2017"
"7628","1","377","01/18/2017"
"7629","1","378","01/18/2017"
"7630","1","381","01/19/2017"
"7631","1","384","01/19/2017"
"7632","1","389","01/20/2017"
"7633","1","392","01/24/2017"
"7634","1","393","01/24/2017"
"7635","1","395","01/25/2017"
"7636","1","396","01/25/2017"
"7637","1","397","01/25/2017"
"7638","1","398","01/25/2017"
"7639","1","399","01/26/2017"
"7640","1","400","01/26/2017"
"7641","1","401","01/26/2017"
"7642","1","405","01/27/2017"
"7643","1","406","01/27/2017"
"7644","1","407","01/27/2017"
"7645","1","411","01/30/2017"
"7646","1","414","01/30/2017"
"7647","1","415","01/30/2017"
"7648","1","419","01/31/2017"
"7649","1","420","02/01/2017"
"7650","1","421","02/01/2017"
"7651","1","422","02/02/2017"
"7652","1","424","02/02/2017"
"7653","1","428","02/02/2017"
"7654","1","429","02/02/2017"
"7655","1","430","02/02/2017"
"7656","1","431","02/02/2017"
"7657","1","434","02/03/2017"
"7658","1","436","02/03/2017"
"7659","1","437","02/03/2017"
"7660","1","439","02/06/2017"
"7661","1","440","02/07/2017"
"7662","1","441","02/07/2017"
"7663","1","448","02/09/2017"
"7664","1","449","02/10/2017"
"7665","1","454","02/13/2017"
"7666","1","455","02/13/2017"
"7667","1","459","02/15/2017"
"7668","1","461","02/15/2017"
"7669","1","463","02/16/2017"
"7670","1","466","02/16/2017"
"7671","1","480","02/24/2017"
"7672","1","485","02/28/2017"
"7673","1","486","03/01/2017"
"7674","1","489","03/01/2017"
"7675","1","492","03/02/2017"
"7676","1","494","03/02/2017"
"7677","1","495","03/02/2017"
"7678","1","497","03/03/2017"
"7679","1","504","03/07/2017"
"7680","1","513","03/09/2017"
"7681","1","515","03/09/2017"
"7682","1","521","03/10/2017"
"7683","1","537","03/15/2017"
"7684","1","550","03/20/2017"
"7685","1","607","04/05/2017"
"7686","1","613","04/07/2017"
"7687","1","621","04/10/2017"
"7688","1","634","04/17/2017"
"7689","1","650","04/24/2017"
"7690","1","662","04/29/2017"
"7691","1","667","05/01/2017"
"7692","1","675","05/03/2017"
"7693","1","741","05/26/2017"
"7694","1","764","06/07/2017"
"7695","1","779","06/13/2017"
"7696","1","797","06/21/2017"
"7697","1","801","06/22/2017"
"7698","1","806","06/23/2017"
"7699","1","807","06/23/2017"
"7700","1","814","06/26/2017"
"7701","1","815","06/27/2017"
"7702","1","817","06/29/2017"
"7703","1","848","07/11/2017"
"7704","1","850","07/11/2017"
"7705","1","855","07/13/2017"
"7706","1","865","07/18/2017"
"7707","1","867","07/20/2017"
"7708","1","874","07/26/2017"
"7709","1","875","07/26/2017"
"7710","1","876","07/26/2017"
"7711","1","877","07/27/2017"
"7712","1","895","08/02/2017"
"7713","1","909","08/07/2017"
"7714","1","917","08/10/2017"
"7715","1","919","08/10/2017"
"7716","1","928","08/14/2017"
"7717","1","929","08/14/2017"
"7718","1","930","08/14/2017"
"7719","1","933","08/15/2017"
"7720","1","936","08/18/2017"
"7721","1","940","08/21/2017"
"7722","1","951","08/28/2017"
"7723","1","952","08/28/2017"
"7724","1","953","08/29/2017"
"7725","1","957","08/29/2017"
"7726","1","958","08/29/2017"
"7727","1","962","09/01/2017"
"7728","1","980","09/11/2017"
"7729","1","992","09/13/2017"
"7730","1","993","09/13/2017"
"7731","1","994","09/13/2017"
"7732","1","999","09/15/2017"
"7733","1","1000","09/15/2017"
"7734","1","1001","09/15/2017"
"7735","1","1020","09/22/2017"
"7736","1","1029","09/25/2017"
"7737","1","1030","09/25/2017"
"7738","1","1036","09/29/2017"
"7739","1","1076","10/24/2017"
"7740","1","1098","10/31/2017"
"7741","1","1099","11/01/2017"
"7742","1","1120","11/03/2017"
"7743","1","1146","11/10/2017"
"7744","1","1155","11/15/2017"
"7745","1","1169","11/22/2017"
"7746","1","1192","11/30/2017"
"7747","1","1193","11/30/2017"
"7748","1","1197","12/04/2017"
"7749","1","1202","12/06/2017"
"7750","1","1204","12/06/2017"
"7751","1","1212","12/12/2017"
"7752","1","1218","12/14/2017"
"7753","1","1220","12/15/2017"
"7754","1","1227","12/21/2017"
"7755","1","1290","01/23/2018"
"7756","1","1296","01/26/2018"
"7757","1","1304","01/30/2018"
"7758","1","1313","02/02/2018"
"7759","1","1317","02/05/2018"
"7760","1","1318","02/06/2018"
"7761","1","1348","02/12/2018"
"7762","1","1356","02/13/2018"
"7763","1","1374","02/20/2018"
"7764","1","1417","03/05/2018"
"7765","1","1453","03/18/2018"
"7766","1","1477","03/19/2018"
"7767","1","1520","03/26/2018"
"7768","1","1530","03/30/2018"
"7769","1","1536","04/02/2018"
"7770","1","1569","04/19/2018"
"7771","1","1570","04/19/2018"
"7772","1","1572","04/20/2018"
"7773","1","1573","04/21/2018"
"7774","1","1588","04/26/2018"
"7775","1","1623","05/07/2018"
"7776","1","1675","05/29/2018"
"7777","1","1676","05/29/2018"
"7778","1","1720","06/19/2018"
"7779","1","1726","06/21/2018"
"7780","1","1761","07/10/2018"
"7781","1","1764","07/11/2018"
"7782","1","1785","07/24/2018"
"7783","1","1801","07/30/2018"
"7784","1","1817","08/04/2018"
"7785","1","1861","08/24/2018"
"7786","1","1916","09/12/2018"
"7787","1","1964","09/28/2018"
"7788","1","2068","10/26/2018"
"7789","1","2084","11/01/2018"
"7790","1","2120","11/12/2018"
"7791","1","2170","11/26/2018"
"7792","1","2177","11/28/2018"
"7793","1","2247","12/19/2018"
"7794","1","2283","01/03/2019"
"7795","1","2301","01/09/2019"
"7796","1","2567","03/26/2019"
"7797","1","2602","04/03/2019"
"7798","1","2630","04/09/2019"
"7799","1","2635","04/10/2019"
"7800","1","2681","04/24/2019"
"7801","1","2734","05/15/2019"
"7802","1","2738","05/16/2019"
"7803","1","2833","06/07/2019"
"7804","1","2872","06/14/2019"
"7805","1","2888","06/17/2019"
"7806","1","2893","06/18/2019"
"7807","1","2931","06/25/2019"
"7808","1","3016","07/11/2019"
"7809","1","3051","07/17/2019"
"7810","1","3052","07/17/2019"
"7811","1","3053","07/17/2019"
"7812","1","3059","07/18/2019"
"7813","1","3081","07/23/2019"
"7814","1","3172","08/03/2019"
"7815","1","3695","09/04/2019"
"7816","1","3724","09/13/2019"
"7817","1","3725","10/28/2019"
"7818","1","3726","11/08/2019"
"7819","1","3727","11/21/2019"
"7820","1","3728","12/09/2019"
"7821","1","3729","12/16/2019"
"7822","1","3730","01/14/2020"
"7823","1","3733","01/28/2020"
"7824","1","3734","01/29/2020"
"7825","1","3735","02/07/2020"
"7826","1","3736","02/21/2020"
"7827","1","3737","03/12/2020"
"7828","1","3738","04/01/2020"
"7829","1","3741","04/08/2020"
"7830","1","3742","04/15/2020"
"7831","1","3743","05/04/2020"
"7832","1","3744","05/05/2020"
"7833","1","3745","05/06/2020"
"7834","1","3746","05/19/2020"
"7835","1","3747","05/28/2020"
"7836","1","3748","06/03/2020"
"7837","1","3749","06/25/2020"
"7838","1","3750","07/20/2020"
"7839","1","3752","09/03/2020"
"7840","1","3753","09/04/2020"
"7841","1","3755","09/10/2020"
"7842","1","3756","09/20/2020"
"7843","1","3757","09/30/2020"
"7844","1","3758","10/01/2020"
"7845","1","3759","10/28/2020"
"7846","1","3760","11/05/2020"
"7847","1","3761","11/11/2020"
"7848","1","3762","12/03/2020"
"7849","1","3763","12/11/2020"
"7850","1","3764","12/11/2020"
"7851","1","3765","12/14/2020"
"7852","1","3766","12/17/2020"
"7853","1","3767","12/21/2020"
"7854","1","3768","02/03/2021"
"7855","1","3769","02/12/2021"
"7856","1","3770","02/19/2021"
"7857","1","3876","10/11/2023"
"7858","1","3877","10/25/2023"
"7859","1","3878","11/02/2023"
"7860","1","3879","11/02/2023"
"7861","1","3880","11/02/2023"
"7862","1","3881","11/03/2023"
"7863","1","3882","12/19/2023"
"7864","1","3883","12/27/2023"
"7865","1","3884","12/28/2023"
"7866","1","3885","01/19/2024"
"7867","1","3886","01/26/2024"
"7868","1","3888","02/03/2024"
"7869","3768431","3895","02/16/2024"
"7870","11971458","3896","02/16/2024"
"7871","7418636","3897","02/16/2024"
"7872","18868732","3898","02/16/2024"
"7873","18868732","3899","02/16/2024"
"7874","19061269","3900","02/17/2024"
"7875","11171285","3902","02/17/2024"
"7876","9487799","3902","02/17/2024"
"7877","17519462","3903","02/17/2024"
"7878","19079091","3904","02/18/2024"
"7879","1768039","3905","02/18/2024"
"7880","19084174","3906","02/19/2024"
"7881","7789921","3907","02/19/2024"
"7882","19104103","3908","02/20/2024"
"7883","19111891","3909","02/20/2024"
"7884","11278482","3910","02/21/2024"
"7885","19105825","3911","02/21/2024"
"7886","19111647","3912","02/21/2024"
"7887","19129650","3913","02/21/2024"
"7888","19134019","3914","02/21/2024"
"7889","19135210","3915","02/21/2024"
"7891","6574095","3902","02/22/2024"
"7892","14136312","3917","02/22/2024"
"7893","19144747","3917","02/22/2024"
"7894","19146638","3918","02/22/2024"
"7895","19151551","3919","02/22/2024"
"7896","18897006","3920","02/23/2024"
"7897","19157543","3921","02/23/2024"
"7898","16107360","3922","02/23/2024"
"7899","19163464","3896","02/23/2024"
"7900","19170581","3923","02/23/2024"
"7902","11373592","3924","02/24/2024"
"7903","19177982","3925","02/24/2024"
"7904","19178681","3926","02/24/2024"
"7905","18586849","3927","02/24/2024"
"7906","19188717","3928","02/25/2024"
"7907","19135021","3929","02/25/2024"
"7908","19192221","3929","02/25/2024"
"7909","15489264","3930","02/25/2024"
"7910","19201188","3931","02/26/2024"
"7911","1032954","3930","02/26/2024"
"7912","19213075","3930","02/26/2024"
"7913","18763079","3930","02/26/2024"
"7914","11528324","3930","02/26/2024"
"7915","14492621","3930","02/26/2024"
"7916","4934504","3930","02/26/2024"
"7917","15250433","3932","02/26/2024"
"7918","8211580","3930","02/26/2024"
"7919","11186594","3933","02/27/2024"
"7920","2474756","3933","02/27/2024"
"7921","8668754","3934","02/27/2024"
"7922","10067298","3934","02/27/2024"
"7923","19237400","3934","02/27/2024"
"7924","13696939","3935","02/28/2024"
"7925","19266016","3936","02/28/2024"
"7926","19275656","3937","02/28/2024"
"7927","19287306","3938","02/29/2024"
"7928","9038526","3939","02/29/2024"
"7929","13587109","3940","03/01/2024"
"7930","19312167","3941","03/01/2024"
"7931","2122817","3942","03/01/2024"
"7932","2123038","3942","03/01/2024"
"7933","16345682","3942","03/01/2024"
"7934","19313623","3942","03/01/2024"
"7935","19331678","3943","03/02/2024"
"7936","16243610","3944","03/03/2024"
"7937","11452228","3945","03/03/2024"
"7938","18850482","3946","03/04/2024"
"7939","19384032","3947","03/04/2024"
"7940","19385725","3947","03/04/2024"
"7941","19392667","1202","03/04/2024"
"7942","19301635","3948","03/04/2024"
"7943","19418846","3947","03/05/2024"
"7944","19421654","3947","03/05/2024"
"7945","19421524","3949","03/05/2024"
"7946","19427974","3950","03/06/2024"
"7947","19446608","3947","03/06/2024"
"7948","19447252","3951","03/06/2024"
"7949","19462083","3952","03/07/2024"
"7950","13385631","3953","03/07/2024"
"7951","6505048","3954","03/07/2024"
"7952","5147984","3954","03/07/2024"
"7953","19473156","3955","03/08/2024"
"7954","5134996","3955","03/08/2024"
"7955","14525326","3956","03/08/2024"
"7956","19491882","3942","03/08/2024"
"7957","10851330","3957","03/08/2024"
"7958","14233852","3957","03/08/2024"
"7959","11663403","3957","03/08/2024"
"7960","9528823","3958","03/09/2024"
"7961","19542166","3959","03/10/2024"
"7962","19325013","3960","03/11/2024"
"7963","19561326","3961","03/11/2024"
"7964","19561462","3962","03/11/2024"
"7965","19168453","3962","03/11/2024"
"7966","19551149","3962","03/11/2024"
"7967","12506332","3964","03/12/2024"
"7968","16531568","3964","03/12/2024"
"7969","19172537","3965","03/12/2024"
"7970","11683680","3966","03/12/2024"
"7971","19604562","3966","03/12/2024"
"7972","19606468","3947","03/12/2024"
"7973","11261889","3967","03/12/2024"
"7974","12927143","3967","03/13/2024"
"7975","5326112","3968","03/13/2024"
"7976","19622018","3968","03/13/2024"
"7977","13117203","3967","03/13/2024"
"7978","1314380","3969","03/13/2024"
"7979","6803028","2631","03/13/2024"
"7980","19454288","3970","03/14/2024"
"7981","19646769","3947","03/14/2024"
"7982","19669967","3971","03/15/2024"
"7983","19676686","3978","03/15/2024"
"7984","19676812","3978","03/15/2024"
"7986","19681548","3979","03/15/2024"
"7987","15276068","3980","03/15/2024"
"7988","5427007","3981","03/15/2024"
"7989","19688397","3982","03/15/2024"
